{"accuracies_top1": [[1, 0.1558], [2, 0.2741], [3, 0.2925], [4, 0.2931], [5, 0.2929], [6, 0.2981], [7, 0.3099], [8, 0.307], [9, 0.3259], [10, 0.3325]], "accuracies_top5": [[1, 0.6347], [2, 0.7148], [3, 0.7509], [4, 0.7652], [5, 0.7784], [6, 0.7883], [7, 0.7974], [8, 0.7983], [9, 0.8221], [10, 0.8292]], "losses": [[1, 0.04579085431098938], [2, 0.045261860060691834], [3, 0.044338255405426026], [4, 0.043006573867797854], [5, 0.04141964464187622], [6, 0.03993500155210495], [7, 0.038803913712501525], [8, 0.03888118555545807], [9, 0.038266715943813326], [10, 0.03851403858661651]]}