{"accuracies_top1": [[1, 0.2344], [2, 0.3384], [3, 0.3646], [4, 0.3668], [5, 0.3969], [6, 0.4185], [7, 0.4193], [8, 0.4264], [9, 0.4408], [10, 0.4509]], "accuracies_top5": [[1, 0.7764], [2, 0.823], [3, 0.8399], [4, 0.8459], [5, 0.8691], [6, 0.8787], [7, 0.8876], [8, 0.9001], [9, 0.9071], [10, 0.9061]], "losses": [[1, 0.043607642602920535], [2, 0.038513593220710754], [3, 0.037716517162323], [4, 0.03639272335767746], [5, 0.035048406636714935], [6, 0.03400983225107193], [7, 0.03318959710597992], [8, 0.03248831822872162], [9, 0.031727417731285096], [10, 0.03103189171552658]]}