{"accuracies_top1": [[1, 0.2021], [2, 0.3079], [3, 0.3334], [4, 0.3644], [5, 0.3872], [6, 0.4063], [7, 0.4132], [8, 0.431], [9, 0.4453], [10, 0.4549]], "accuracies_top5": [[1, 0.6717], [2, 0.7988], [3, 0.8418], [4, 0.8511], [5, 0.866], [6, 0.8758], [7, 0.8921], [8, 0.8935], [9, 0.9027], [10, 0.9065]], "losses": [[1, 0.04445503938198089], [2, 0.03934384663105011], [3, 0.03820736113786698], [4, 0.03658637483119965], [5, 0.03548247172832489], [6, 0.03440763680934906], [7, 0.03364352910518646], [8, 0.032666009950637814], [9, 0.03204179999828339], [10, 0.031428382658958434]]}