{"accuracies_top1": [[1, 0.2653], [2, 0.2855], [3, 0.3322], [4, 0.3686], [5, 0.3883], [6, 0.4234], [7, 0.428], [8, 0.4398], [9, 0.4504], [10, 0.4573]], "accuracies_top5": [[1, 0.6955], [2, 0.7853], [3, 0.8234], [4, 0.8487], [5, 0.8665], [6, 0.884], [7, 0.8926], [8, 0.9066], [9, 0.9075], [10, 0.9119]], "losses": [[1, 0.04475325651168823], [2, 0.039820604503154756], [3, 0.03827015829086304], [4, 0.036592756760120394], [5, 0.035416793632507326], [6, 0.03379653617143631], [7, 0.03296354396343231], [8, 0.032095757973194125], [9, 0.03158972648382187], [10, 0.030882182586193085]]}