{"accuracies_top1":[[1,0.6278],[2,0.6766],[3,0.7032],[4,0.7191],[5,0.714],[6,0.7227],[7,0.7195],[8,0.7211],[9,0.7091],[10,0.706]],"accuracies_top5":[[1,0.9622],[2,0.9728],[3,0.9745],[4,0.9772],[5,0.9786],[6,0.9785],[7,0.9775],[8,0.9777],[9,0.9736],[10,0.9747]],"losses":[[1,0.010577875569367865],[2,0.009203044096375727],[3,0.008590698709153826],[4,0.008287175931748311],[5,0.008648887155162301],[6,0.008985749107257576],[7,0.009981391399529329],[8,0.011247510222872352],[9,0.01241006690605431],[10,0.014582097070991613]]}
