{"accuracies_top1": [[1, 0.5022], [2, 0.6179], [3, 0.6462], [4, 0.6865], [5, 0.6934], [6, 0.7103], [7, 0.7141], [8, 0.7294], [9, 0.7269], [10, 0.7311]], "accuracies_top5": [[1, 0.9318], [2, 0.9623], [3, 0.9672], [4, 0.9727], [5, 0.9746], [6, 0.9774], [7, 0.9754], [8, 0.9797], [9, 0.9792], [10, 0.9802]], "losses": [[1, 0.02271204309463501], [2, 0.017243134659528734], [3, 0.01605482932329178], [4, 0.014374106082320212], [5, 0.013900687336921692], [6, 0.013237890270352364], [7, 0.01330596267580986], [8, 0.012489897376298905], [9, 0.012662026202678681], [10, 0.012532071858644486]]}