{"accuracies_top1": [[1, 0.3566], [2, 0.4292], [3, 0.5091], [4, 0.5667], [5, 0.5876], [6, 0.5894], [7, 0.5726], [8, 0.5445], [9, 0.5453], [10, 0.5549]], "accuracies_top5": [[1, 0.8573], [2, 0.9119], [3, 0.9338], [4, 0.9538], [5, 0.9562], [6, 0.9574], [7, 0.9502], [8, 0.9441], [9, 0.9432], [10, 0.9446]], "losses": [[1, 0.03564670007228851], [2, 0.03317849085330963], [3, 0.028540826988220216], [4, 0.022649895179271698], [5, 0.018988916826248165], [6, 0.018635593444108964], [7, 0.0222188163459301], [8, 0.027530115640163423], [9, 0.030948080468177794], [10, 0.030461922684311867]]}