{"accuracies_top1": [[1, 0.3846], [2, 0.1551], [3, 0.4263], [4, 0.4752], [5, 0.5258], [6, 0.534], [7, 0.5242], [8, 0.5818], [9, 0.5873], [10, 0.5771]], "accuracies_top5": [[1, 0.8851], [2, 0.6799], [3, 0.8906], [4, 0.9213], [5, 0.9385], [6, 0.9324], [7, 0.9299], [8, 0.952], [9, 0.9482], [10, 0.9419]], "losses": [[1, 0.2543485763549805], [2, 0.0656567400932312], [3, 0.02826515865325928], [4, 0.05344071927070618], [5, 0.035469065506756305], [6, 0.02221823075413704], [7, 0.02374056758284569], [8, 0.02161661044061184], [9, 0.030215858459472656], [10, 0.03840883276462555]]}