{"accuracies_top1": [[1, 0.5116], [2, 0.6084], [3, 0.6474], [4, 0.6731], [5, 0.6853], [6, 0.7094], [7, 0.7129], [8, 0.7274], [9, 0.7309], [10, 0.7211]], "accuracies_top5": [[1, 0.9343], [2, 0.9599], [3, 0.9681], [4, 0.9712], [5, 0.9755], [6, 0.9759], [7, 0.9791], [8, 0.9778], [9, 0.9778], [10, 0.9796]], "losses": [[1, 0.02279267013669014], [2, 0.017644599056243895], [3, 0.016000102373957634], [4, 0.01494995138645172], [5, 0.014386988323926925], [6, 0.013224140167236328], [7, 0.012960774126648903], [8, 0.012490568792819977], [9, 0.012426435106992722], [10, 0.012712524990737438]]}