{"accuracies_top1": [[1, 0.4132], [2, 0.5275], [3, 0.5029], [4, 0.5497], [5, 0.5995], [6, 0.5926], [7, 0.6057], [8, 0.6252], [9, 0.5784], [10, 0.6256]], "accuracies_top5": [[1, 0.9249], [2, 0.9488], [3, 0.9244], [4, 0.9464], [5, 0.9584], [6, 0.9484], [7, 0.957], [8, 0.962], [9, 0.9463], [10, 0.953]], "losses": [[1, 0.025096274602413177], [2, 0.020968823957443237], [3, 0.023152530431747437], [4, 0.020911092346906662], [5, 0.019255710960924627], [6, 0.020053390330076217], [7, 0.018364823538064956], [8, 0.01790506829023361], [9, 0.022194235920906066], [10, 0.018278931552171706]]}