{"accuracies_top1": [[1, 0.5009], [2, 0.5954], [3, 0.6419], [4, 0.681], [5, 0.6901], [6, 0.6985], [7, 0.7077], [8, 0.7258], [9, 0.7285], [10, 0.7298]], "accuracies_top5": [[1, 0.9406], [2, 0.9583], [3, 0.9659], [4, 0.9714], [5, 0.9746], [6, 0.9752], [7, 0.9766], [8, 0.9765], [9, 0.9791], [10, 0.9782]], "losses": [[1, 0.023327234244346618], [2, 0.017936028170585636], [3, 0.016155287459492684], [4, 0.01473679763674736], [5, 0.013926165893673896], [6, 0.013579206252098084], [7, 0.013340096373856067], [8, 0.012745185577869415], [9, 0.012487189862132073], [10, 0.012551194925606251]]}