{"accuracies_top1": [[1, 0.2329], [2, 0.3511], [3, 0.4848], [4, 0.5487], [5, 0.5674], [6, 0.5696], [7, 0.5674], [8, 0.5625], [9, 0.5678], [10, 0.5909]], "accuracies_top5": [[1, 0.7743], [2, 0.8972], [3, 0.9377], [4, 0.9458], [5, 0.9518], [6, 0.9497], [7, 0.9512], [8, 0.951], [9, 0.9526], [10, 0.9579]], "losses": [[1, 0.035865443897247315], [2, 0.033608855819702146], [3, 0.028963860821723936], [4, 0.02346989643573761], [5, 0.019637466764450072], [6, 0.01958538766503334], [7, 0.02221303065419197], [8, 0.026477492827177047], [9, 0.02981331481337547], [10, 0.028982114768773316]]}