{
    "accuracies_top1": [
        [
            1,
            0.10436
        ],
        [
            2,
            0.1
        ],
        [
            3,
            0.1
        ],
        [
            4,
            0.1
        ],
        [
            5,
            0.1
        ],
        [
            6,
            0.1
        ],
        [
            7,
            0.1
        ],
        [
            8,
            0.1
        ],
        [
            9,
            0.1
        ],
        [
            10,
            0.1
        ]
    ],
    "accuracies_top5": [
        [
            1,
            0.50296
        ],
        [
            2,
            0.5
        ],
        [
            3,
            0.5
        ],
        [
            4,
            0.5
        ],
        [
            5,
            0.5
        ],
        [
            6,
            0.5
        ],
        [
            7,
            0.5
        ],
        [
            8,
            0.5
        ],
        [
            9,
            0.5
        ],
        [
            10,
            0.5
        ]
    ],
    "losses": [
        [
            1,
            NaN
        ],
        [
            2,
            NaN
        ],
        [
            3,
            NaN
        ],
        [
            4,
            NaN
        ],
        [
            5,
            NaN
        ],
        [
            6,
            NaN
        ],
        [
            7,
            NaN
        ],
        [
            8,
            NaN
        ],
        [
            9,
            NaN
        ],
        [
            10,
            NaN
        ]
    ]
}